,Ideology_1,Ideology_2,Ideology_3,Ideology_4,Ideology_5,Ideology_6,Ideology_7,Ideology_8,Ideology_9,Ideology_10
A124_02_support,2.9952926540284275e-06,0.07259776145532325,1.282088782821716e-06,0.004561200416855655,6.241340093783784e-06,2.9014531091795964e-07,4.2943444208126733e-07,4.649284854303757e-06,4.659917726938306e-06,1.0385123429098497e-06
A124_06_support,2.9952652731411285e-06,0.0869138248754728,1.282094771004208e-06,0.006117347982022203,6.241368264035688e-06,2.9015229433025285e-07,4.2941342058785574e-07,4.649330455368501e-06,4.659891890273807e-06,1.038519756370848e-06
A124_07_support,2.5713411009508934e-05,0.05316941750274195,1.2820165400810024e-06,0.05501752274368074,6.241579811943602e-06,0.04737584003361527,4.293551720629866e-07,4.649618916630664e-06,0.0004726004706828121,1.0385518023492134e-06
A124_08_support,0.012223001411366743,0.04658646894002224,0.03632987418126402,0.05915621758785004,0.0006715254991357202,0.06046056588679603,4.5427911315084267e-07,0.06120579108857835,0.00880002311232071,0.07495144228874057
A124_09_support,3.0301791192798618e-06,0.04804879682485006,1.2819726245897835e-06,0.06477953618998111,6.241722433371298e-06,0.06132323070494911,4.293782532418888e-07,4.649810802491215e-06,0.0011121545843416328,1.038682696656702e-06
C002_support,0.031974778295750815,0.048974411794964506,0.023014200070196455,0.032313559605806924,0.03307110502653986,0.038028233645846836,0.03384696662598754,4.649024850978047e-06,0.04806193183207978,0.05390978138759463
E036_support,0.04985732809790051,0.0221684892656868,1.2820714602573223e-06,0.01962192695526287,0.15495262742430785,0.022683219211461977,0.021834914402212875,0.00013239362447952394,0.01723755410697842,1.0385745801964841e-06
E037_support,0.05431029196253647,0.039995330694782526,0.023639001282355777,0.03542897202763595,8.350048020734697e-06,0.037671954249928946,0.035191655750487244,0.033988094848030115,0.012957211241007599,0.04923076006685536
E039_support,2.994874963350672e-06,5.381475359903817e-07,1.2819285581535933e-06,1.1503192996432822e-06,0.4661714137326521,2.9012676818977127e-07,4.29335216350733e-07,4.649188721265469e-06,4.6593838144446006e-06,1.0384622368977686e-06
F114A_support,2.9949514567636898e-06,5.381706282403046e-07,1.2819333760290953e-06,1.1503590710795894e-06,6.2410656837854e-06,2.9013373725374505e-07,4.2934226743236217e-07,4.6492068828818075e-06,0.2751168719606608,1.0384753300812016e-06
F115_support,2.9950225596487115e-06,5.38160680327631e-07,1.2819394812430924e-06,1.150359046934157e-06,6.240975696300336e-06,2.901291034629225e-07,4.2933841287885864e-07,4.649217546591203e-06,0.2500672224677294,1.0384846110608086e-06
F116_support,2.9950914404021558e-06,5.381523273402123e-07,1.281961343076185e-06,1.1503674520083027e-06,6.240855027730444e-06,2.901274869995639e-07,4.2933081207494497e-07,4.649211236524516e-06,0.1872683489817956,1.0384763271731396e-06
F117_support,2.995223779438707e-06,5.381508676075425e-07,1.281937001394691e-06,1.1503673339709842e-06,6.2408275562343995e-06,2.901244377961741e-07,4.2932918024076587e-07,4.649200264254754e-06,0.11770950109195477,1.03845181018459e-06
F118_support,0.05460073571064577,5.381524630596044e-07,0.07571640162106631,1.1503322016646647e-06,6.241027057305074e-06,2.901219756001677e-07,4.293327954328205e-07,4.652984417813975e-06,5.062356437241042e-06,1.0384597368990066e-06
F119_support,0.07842571053972495,5.381466768770966e-07,0.02364270915731588,1.1503722956672263e-06,6.240956015435155e-06,2.901229338744244e-07,4.2932791799742487e-07,4.649235438744009e-06,4.670563171990778e-06,1.0384478796226495e-06
F120_support,0.06821100327073293,5.381580075712956e-07,0.04483940809712745,0.03579859537414271,6.240952277395191e-06,2.901204964756393e-07,4.2933133585585926e-07,4.686488697215439e-06,4.662650684449189e-06,1.0384956103215185e-06
F121_support,0.07848311085673236,5.38174793198447e-07,0.06248112812523348,0.11347674516588083,6.241862181589532e-06,2.901258444057648e-07,4.2935492541922036e-07,5.023617716986453e-06,1.7034173607147806e-05,1.0386852055758366e-06
F122_support,0.11966977773127169,5.38184502755435e-07,0.03202949010587542,1.1835039658773418e-06,6.241455448409119e-06,2.9013244040721286e-07,4.2933502466378653e-07,4.656558862198454e-06,4.662460934656494e-06,0.04509068549949511
F123_support,0.10281537704585997,5.381427108368876e-07,1.2819438375881952e-06,1.1503333704825101e-06,6.240689597495792e-06,2.9012106247010444e-07,4.2932190807707854e-07,4.649243952618178e-06,4.659470273602876e-06,1.0384506233080704e-06
A124_02_oppose,0.04876574305546949,5.381942312080093e-07,0.05965563174635126,0.0503485397931625,0.023057645428387983,0.05846365859693259,0.04651091950946813,0.04804240449538862,0.01267845158224509,0.06279206591344182
A124_06_oppose,0.04788674349241456,5.381712486295743e-07,0.05876480731450319,0.04417655234728088,0.026281990006352673,0.053099571194577706,0.04573671304737793,0.0460585207722639,0.014407460030832975,0.06095375615853096
A124_07_oppose,0.04239782218013708,5.381872821057152e-07,0.05474761701777082,1.1504932708174848e-06,0.05660314815206968,2.915377562282958e-07,0.06836634244904113,0.06269463402443759,0.0012989023557840411,0.08676069633346735
A124_08_oppose,0.04568904535959749,5.382059664723431e-07,0.02220147787158688,1.1504710583480207e-06,0.00021513649101936592,2.9013184411227844e-07,0.05717443372014166,5.134433228603312e-06,0.00044566920911204034,0.0005174618368560119
A124_09_oppose,0.05432889561774905,5.38230780440171e-07,0.06662559936394295,1.1505341915811017e-06,0.0018210246020061742,2.901555523337877e-07,0.07105779040743777,0.018029840015419605,0.007249332570467136,0.035269380465818075
C002_oppose,2.9948232288748767e-06,5.381490992879868e-07,1.281983144150781e-06,1.150315432730674e-06,6.240699240135682e-06,2.901275738990128e-07,4.293341575890121e-07,0.39162226281344914,4.659281593797112e-06,1.0384506311408561e-06
E036_oppose,2.9953256501940985e-06,0.014832500982625117,0.03139010259225003,0.014354002102131686,6.2413214989531295e-06,0.016585847179958823,0.012935681840228443,4.650261977726924e-06,0.0072415847590851885,0.06161890533122003
E037_oppose,0.0011108164965996153,0.011204775265939501,0.033214571412774695,0.01677465320572026,0.08915574450320185,0.015494043748616137,0.018411882928404295,0.006095878709239047,0.02106811453463436,0.00013039602828841544
E039_oppose,0.024381953478376715,0.05084557852588946,0.04481179208485083,0.048680583139254906,6.240531452215074e-06,0.04935819771852332,0.04289241028885548,0.0327783186635746,0.013825171314363421,0.044687391813969975
F114A_oppose,0.024013238379649512,0.04830192259134176,0.056394626160044016,0.04786211297082116,0.0054962526935336,0.05122467355637844,0.05077027563816044,0.049028164569899335,4.659655238822705e-06,0.05298619578610519
F115_oppose,0.0157428194560558,0.05053019628143813,0.055487572072814316,0.048396011854782074,0.008820336281211953,0.05260230724869532,0.05210941211756529,0.05263392920273364,4.659639757319652e-06,0.05091734638097392
F116_oppose,0.01931404868479829,0.053020760703325225,0.055224630921788816,0.049843235274484164,0.018827026482133278,0.0536102968797945,0.05500817328961534,0.05019055815917451,4.659782996630896e-06,0.0538396942082667
F117_oppose,0.0257240800954269,0.05400275731229824,0.05936230944291531,0.05227573053558821,0.0239091776437712,0.055446671846186894,0.05622917665353113,0.05055584562091047,4.660334761797978e-06,0.05848168385078554
F118_oppose,3.0042496090557744e-06,0.054800173765086016,1.2819521249711687e-06,0.0528528877938389,0.0028487355043809452,0.05758769714027978,0.05218067085780984,4.650109304918498e-06,0.0007875797150009743,0.048742467802578154
F119_oppose,2.995261064369794e-06,0.05482057983347872,0.019644796799965378,0.051068576092389566,0.02280405534313674,0.05604192006307119,0.054983703238589754,0.07592579256535195,0.0001470038178507861,0.05555045824446169
F120_oppose,2.9950471622801903e-06,0.05316124240297183,1.2868171766055707e-06,1.1505189676227506e-06,0.03539496456739096,0.05749405591749366,0.058745277977462554,4.651584447482308e-06,0.0006021444266586653,0.05087321977720906
F121_oppose,2.994868833725439e-06,0.03223943634633673,1.2819459238662945e-06,1.1502966901873142e-06,0.00013308743445259648,0.041308087811185584,0.046636693388569246,4.649755048700224e-06,4.66011821276644e-06,1.0391340498899945e-06
F122_oppose,2.994867501583523e-06,0.04943404204885957,0.013126263312149564,0.04522291531898424,0.004359032074475062,0.05709512664109539,0.06120466558456711,0.0023219624450608305,5.266912078840373e-06,1.0387011973803389e-06
F123_oppose,2.9950258975091603e-06,0.05434238370676344,0.04763675465971131,0.051855286578793805,0.025291521832483364,0.057039867087993766,0.058164916410131745,0.018597061014384283,0.001357209241233046,0.05267751680891345
