Series Name,Series Code,Country Name,Country Code,2018 [YR2018],2019 [YR2019],2020 [YR2020],2021 [YR2021],2022 [YR2022],2023 [YR2023]
"School enrollment, tertiary (% gross)",SE.TER.ENRR,Argentina,ARG,90.9728317260742,95.0775527954102,99.266227722168,107.130661010742,107.047912597656,..
"School enrollment, tertiary (% gross)",SE.TER.ENRR,Australia,AUS,103.322090148926,109.759559631348,110.139221191406,112.688293457031,106.240760803223,..
"School enrollment, tertiary (% gross)",SE.TER.ENRR,Brazil,BRA,51.1916885375977,52.6240615844727,54.5727996826172,56.8306198120117,60.3906211853027,..
"School enrollment, tertiary (% gross)",SE.TER.ENRR,Canada,CAN,69.5775985717773,72.8150634765625,74.1571426391602,77.8022918701172,77.3137588500977,..
"School enrollment, tertiary (% gross)",SE.TER.ENRR,Chile,CHL,91.1974792480469,92.0659713745117,89.1124877929688,96.2227935791016,99.3372802734375,..
"School enrollment, tertiary (% gross)",SE.TER.ENRR,Colombia,COL,57.3205413818359,56.6663017272949,55.7331085205078,58.3159217834473,59.2901382446289,..
"School enrollment, tertiary (% gross)",SE.TER.ENRR,China,CHN,54.0076217651367,57.2754402160645,62.2367782592773,67.3876190185547,71.9815521240234,74.823600769043
"School enrollment, tertiary (% gross)",SE.TER.ENRR,"Egypt, Arab Rep.",EGY,36.7171516418457,..,40.012939453125,..,37.8184509277344,39.3823089599609
"School enrollment, tertiary (% gross)",SE.TER.ENRR,Germany,DEU,69.1634292602539,72.705078125,72.3894195556641,75.6655426025391,77.3656997680664,..
"School enrollment, tertiary (% gross)",SE.TER.ENRR,India,IND,28.5316867828369,29.0233592987061,29.8196392059326,31.5741767883301,32.6703071594238,33.1165237426758
"School enrollment, tertiary (% gross)",SE.TER.ENRR,"Iran, Islamic Rep.",IRN,62.7104721069336,59.9513702392578,57.3403282165527,55.7980690002441,60.6945381164551,..
"School enrollment, tertiary (% gross)",SE.TER.ENRR,Indonesia,IDN,36.7954559326172,37.925968170166,38.6503868103027,41.0022087097168,42.6331672668457,45.1352272033691
"School enrollment, tertiary (% gross)",SE.TER.ENRR,Iraq,IRQ,..,..,..,..,..,..
"School enrollment, tertiary (% gross)",SE.TER.ENRR,Jordan,JOR,31.5562992095947,30.11083984375,30.2879695892334,30.4513092041016,32.5119781494141,33.0567016601562
"School enrollment, tertiary (% gross)",SE.TER.ENRR,"Korea, Rep.",KOR,93.3281784057617,93.9989166259766,96.8767700195312,100.317680358887,103.276039123535,..
"School enrollment, tertiary (% gross)",SE.TER.ENRR,Malaysia,MYS,45.2784156799316,43.1977157592773,42.4097671508789,40.9142608642578,40.2706604003906,41.2618560791016
"School enrollment, tertiary (% gross)",SE.TER.ENRR,Mexico,MEX,41.6382789611816,43.0441398620605,45.1654510498047,45.6506195068359,46.4061317443848,..
"School enrollment, tertiary (% gross)",SE.TER.ENRR,Morocco,MAR,35.6224212646484,38.0248603820801,40.02001953125,42.8228912353516,46.1795501708984,47.709358215332
"School enrollment, tertiary (% gross)",SE.TER.ENRR,New Zealand,NZL,81.2513122558594,77.5843734741211,75.7348327636719,79.4128875732422,77.0104675292969,..
"School enrollment, tertiary (% gross)",SE.TER.ENRR,Netherlands,NLD,83.652473449707,..,85.3370819091797,89.3898620605469,..,..
"School enrollment, tertiary (% gross)",SE.TER.ENRR,Pakistan,PAK,8.39241695404053,11.3472347259521,11.944239616394,12.5983591079712,10.6203098297119,11.2206001281738
"School enrollment, tertiary (% gross)",SE.TER.ENRR,Peru,PER,..,..,..,..,..,..
"School enrollment, tertiary (% gross)",SE.TER.ENRR,Philippines,PHL,29.428638458252,31.2367649078369,32.8472557067871,34.8456192016602,39.5887565612793,45.2818946838379
"School enrollment, tertiary (% gross)",SE.TER.ENRR,Russian Federation,RUS,81.5681076049805,80.9520721435547,57.2232894897461,54.9542503356934,53.9151916503906,..
"School enrollment, tertiary (% gross)",SE.TER.ENRR,Serbia,SRB,68.3218307495117,69.0413818359375,68.5755081176758,69.2907028198242,72.0334320068359,73.2060012817383
"School enrollment, tertiary (% gross)",SE.TER.ENRR,Singapore,SGP,88.8864517211914,91.0889892578125,93.1347732543945,97.0989074707031,98.0222320556641,..
"School enrollment, tertiary (% gross)",SE.TER.ENRR,South Africa,ZAF,23.3899803161621,24.0192794799805,25.1296806335449,25.3566093444824,27.1743202209473,..
"School enrollment, tertiary (% gross)",SE.TER.ENRR,Spain,ESP,92.1748886108398,91.020263671875,90.9548492431641,94.5903778076172,94.5131072998047,..
"School enrollment, tertiary (% gross)",SE.TER.ENRR,Thailand,THA,46.5399513244629,45.4407386779785,43.1145401000977,44.0830879211426,43.9606094360352,46.1752090454102
"School enrollment, tertiary (% gross)",SE.TER.ENRR,United States,USA,88.2991790771484,87.8887100219727,87.5676574707031,84.8550872802734,79.361930847168,..
"School enrollment, tertiary (% gross)",SE.TER.ENRR,Viet Nam,VNM,..,28.506929397583,..,38.8732376098633,42.2242393493652,..
"School enrollment, tertiary (% gross)",SE.TER.ENRR,Ukraine,UKR,81.4946670532227,84.4813613891602,82.1345977783203,75.9079437255859,..,..
"School enrollment, tertiary (% gross)",SE.TER.ENRR,Uruguay,URY,60.2781295776367,61.9644317626953,64.933219909668,75.17138671875,76.3977432250977,..
"School enrollment, tertiary (% gross)",SE.TER.ENRR,Turkiye,TUR,115.462463378906,117.005470275879,118.883682250977,125.763786315918,127.577972412109,..
"School enrollment, tertiary (% gross)",SE.TER.ENRR,Nigeria,NGA,11.8107748031616,..,..,..,..,..
"School enrollment, tertiary (% gross)",SE.TER.ENRR,Kyrgyz Republic,KGZ,39.9152526855469,41.5565948486328,45.9235610961914,52.5253791809082,55.9184989929199,56.0175933837891
"School enrollment, tertiary (% gross)",SE.TER.ENRR,Japan,JPN,62.2089385986328,62.1184997558594,62.1358413696289,63.1702690124512,64.6288299560547,..
"School enrollment, tertiary (% gross)",SE.TER.ENRR,Cyprus,CYP,81.3370819091797,88.4853286743164,92.9377593994141,96.5377883911133,98.3045806884766,..
"School enrollment, tertiary (% gross)",SE.TER.ENRR,"Hong Kong SAR, China",HKG,78.2463226318359,83.8542098999023,89.9478988647461,97.3813323974609,97.3490219116211,100.461082458496
"School enrollment, tertiary (% gross)",SE.TER.ENRR,Romania,ROU,51.9943504333496,52.4439697265625,53.4911117553711,55.2656097412109,58.2390403747559,..
"School enrollment, tertiary (% gross)",SE.TER.ENRR,Sweden,SWE,73.4083786010742,75.1148529052734,79.1196365356445,85.9426193237305,83.8976135253906,..
"School enrollment, tertiary (% gross)",SE.TER.ENRR,Zimbabwe,ZWE,8.42511940002441,9.99564361572266,9.72360515594482,..,..,..
,,,,,,,,,
,,,,,,,,,
,,,,,,,,,
Data from database: World Development Indicators,,,,,,,,,
Last Updated: 04/15/2025,,,,,,,,,
